{"name":"f7470bd8-bb5b-439c-b875-97dcc4ff69b0","id":"/providers/Microsoft.Flow/flows/f7470bd8-bb5b-439c-b875-97dcc4ff69b0","type":"Microsoft.Flow/flows","properties":{"apiId":"/providers/Microsoft.PowerApps/apis/shared_logicflows","displayName":"AUDIO -send Email Notificationa on Report Upload","definition":{"metadata":{"workflowEntityId":null,"processAdvisorMetadata":null,"flowChargedByPaygo":null,"flowclientsuspensionreason":"None","flowclientsuspensiontime":null,"flowclientsuspensionreasondetails":null,"creator":{"id":"ff8f0e1a-01de-4847-92e2-8c3f291406bc","type":"User","tenantId":"6ac7a1f4-5fb1-4153-bb4f-12d2020a1f7d"},"provisioningMethod":"FromDefinition","failureAlertSubscription":true,"clientLastModifiedTime":"2025-10-27T07:53:41.6334753Z","connectionKeySavedTimeKey":"2025-10-27T07:53:41.6334753Z","creationSource":null,"modifiedSources":"Portal"},"$schema":"https://schema.management.azure.com/providers/Microsoft.Logic/schemas/2016-06-01/workflowdefinition.json#","contentVersion":"1.0.0.0","parameters":{"$authentication":{"defaultValue":{},"type":"SecureObject"},"$connections":{"defaultValue":{},"type":"Object"}},"triggers":{"When_a_file_is_created_(properties_only)":{"recurrence":{"frequency":"Minute","interval":1},"evaluatedRecurrence":{"frequency":"Minute","interval":1},"splitOn":"@triggerOutputs()?['body/value']","type":"OpenApiConnection","inputs":{"parameters":{"dataset":"https://nielsenenterprise.sharepoint.com/sites/GCSMY-CN-ReportExchange209-AUDIO","table":"d06c1038-b28e-44dd-b087-d29ac14aa9bd","folderPath":"/Shared Documents/AUDIO/CS_AUDIO"},"host":{"apiId":"/providers/Microsoft.PowerApps/apis/shared_sharepointonline","connectionName":"shared_sharepointonline","operationId":"GetOnNewFileItems"},"authentication":"@parameters('$authentication')"}}},"actions":{"Switch-AUDIO":{"runAfter":{"Initialize_variable":["Succeeded"]},"cases":{"AUDIO_BOSE":{"case":"Shared Documents/AUDIO/CS_AUDIO/BOSE/","actions":{"Tracy_Yin":{"type":"SetVariable","inputs":{"name":"LocalEmail","value":"MeiJye.Lum@nielseniq.com;JieKe.Gan@nielseniq.com"}}}},"AUDIO_HUAWEI":{"case":"Shared Documents/AUDIO/CS_AUDIO/HUAWEI/","actions":{"Lucy_Lu":{"type":"SetVariable","inputs":{"name":"LocalEmail","value":"Lucy.Lu@nielseniq.com"}}}},"AUDIO_JD":{"case":"Shared Documents/AUDIO/CS_AUDIO/JD/","actions":{"Josie_Jiang":{"type":"SetVariable","inputs":{"name":"LocalEmail","value":"Josie.Jiang@nielseniq.com"}}}},"AUDIO_LOGITECH":{"case":"Shared Documents/AUDIO/CS_AUDIO/LOGITECH/","actions":{"Josie_Jiang_1":{"type":"SetVariable","inputs":{"name":"LocalEmail","value":"Josie.Jiang@nielseniq.com"}}}},"AUDIO_OPPO":{"case":"Shared Documents/AUDIO/CS_AUDIO/OPPO/","actions":{"Lucy_Lu_2":{"type":"SetVariable","inputs":{"name":"LocalEmail","value":"Lucy.Lu@nielseniq.com"}}}},"AUDIO_RAZER":{"case":"Shared Documents/AUDIO/CS_AUDIO/RAZER/","actions":{"Tracy_Yin_1":{"type":"SetVariable","inputs":{"name":"LocalEmail","value":"Tracy.Yin@nielseniq.com"}}}},"AUDIO_SAMSUNG":{"case":"Shared Documents/AUDIO/CS_AUDIO/SAMSUNG/","actions":{"Nancy_Fan":{"type":"SetVariable","inputs":{"name":"LocalEmail","value":"Nancy.Fan@nielseniq.com"}}}},"AUDIO_SONY_Monthly":{"case":"Shared Documents/AUDIO/CS_AUDIO/SONY/Monthly/","actions":{"Lucy_Lu_3":{"type":"SetVariable","inputs":{"name":"LocalEmail","value":"Lucy.Lu@nielseniq.com"}}}},"Sony_Weekly":{"case":"Shared Documents/AUDIO/CS_AUDIO/SONY/Weekly/","actions":{"Lucy_Lu_4":{"type":"SetVariable","inputs":{"name":"LocalEmail","value":"Lucy.Lu@nielseniq.com"}}}}},"default":{"actions":{"Set_variable_1":{"type":"SetVariable","inputs":{"name":"LocalEmail","value":"MeiJye.Lum@nielseniq.com"}}}},"expression":"@triggerBody()?['{Path}']","type":"Switch"},"Send_an_email_(V2)":{"runAfter":{"Switch-AUDIO":["Succeeded"]},"type":"OpenApiConnection","inputs":{"parameters":{"emailMessage/To":"@variables('LocalEmail')","emailMessage/Subject":"New Report Uploaded - @{triggerBody()?['{Name}']}","emailMessage/Body":"<p class=\"editor-paragraph\">Hi,</p><p class=\"editor-paragraph\">A new report has been uploaded:</p><p class=\"editor-paragraph\">File Name: @{triggerBody()?['{Name}']}</p><p class=\"editor-paragraph\">Uploaded by: @{triggerBody()?['Author/DisplayName']}</p><p class=\"editor-paragraph\">Folder Path: @{triggerBody()?['{FullPath}']}<br><br>Click <a href=\"@{triggerBody()?['{Link}']}\" class=\"editor-link\">HERE</a> to view document.</p>","emailMessage/Cc":"JieKe.Gan@nielseniq.com;KahVoon.Chang@nielseniq.com;SaiFung.Ng@nielseniq.com","emailMessage/Importance":"Normal"},"host":{"apiId":"/providers/Microsoft.PowerApps/apis/shared_office365","connectionName":"shared_office365","operationId":"SendEmailV2"},"authentication":"@parameters('$authentication')"}},"Initialize_variable":{"runAfter":{},"type":"InitializeVariable","inputs":{"variables":[{"name":"LocalEmail","type":"string"}]}}},"outputs":{},"description":""},"connectionReferences":{"shared_sharepointonline":{"connectionName":"09e8098edfcd48729c1d3f6da8d09dad","source":"Embedded","id":"/providers/Microsoft.PowerApps/apis/shared_sharepointonline","tier":"NotSpecified","apiName":"sharepointonline","isProcessSimpleApiReferenceConversionAlreadyDone":false},"shared_office365":{"connectionName":"shared-office365-3ff3fe50-35af-4607-b202-2dd2f2d110bc","source":"Embedded","id":"/providers/Microsoft.PowerApps/apis/shared_office365","tier":"NotSpecified","apiName":"office365","isProcessSimpleApiReferenceConversionAlreadyDone":false}},"flowFailureAlertSubscribed":false,"isManaged":false}}